{
    "rmse": 0.6916369006180144,
    "mae": 0.5324430261976273,
    "r2": 0.3085011711951241
}