{
    "rmse": 0.686518841015214,
    "mae": 0.5370248319940456,
    "r2": 0.2712950886028793
}